{
  "Model": "Items/Projectiles/Items/Bullet/Ice_Bolt.blockymodel",
  "Texture": "Items/Projectiles/Items/Bullet/Ice_Bolt_Texture.png",
  "HitBox": {
    "Max": {
      "X": 0.1,
      "Y": 0.1,
      "Z": 0.1
    },
    "Min": {
      "X": -0.1,
      "Y": -0.1,
      "Z": -0.1
    }
  },
  "MinScale": 1,
  "MaxScale": 1,
  "Particles": [
    {
      "PositionOffset": {
        "X": 0,
        "Y": 0,
        "Z": 0
      },
      "SystemId": "IceBall",
      "TargetNodeName": ""
    }
  ],
  "Trails": [
    {
      "TargetNodeName": "Ice_Bolt01",
      "TrailId": "Arrow"
    }
  ],
  "Icon": "Icons/ModelsGenerated/Buster_Special_Ice_T1.png",
  "IconProperties": {
    "Scale": 0.25,
    "Rotation": [
      0,
      -45,
      0
    ],
    "Translation": [
      0,
      -75
    ]
  },
  "Light": {
    "Color": "#bee",
    "Radius": 1
  }
}
