{
  "Model": "Items/Projectiles/Buster_T3.blockymodel",
  "Texture": "Items/Projectiles/Buster_T3png.png",
  "HitBox": {
    "Max": {
      "X": 0.1,
      "Y": 0.1,
      "Z": 0.1
    },
    "Min": {
      "X": -0.1,
      "Y": -0.1,
      "Z": -0.1
    }
  },
  "MinScale": 1,
  "MaxScale": 1,
  "IconProperties": {
    "Scale": 0.8,
    "Rotation": [
      8,
      28,
      5
    ],
    "Translation": [
      -7,
      29
    ]
  },
  "Light": {
    "Color": "#69e",
    "Radius": 1
  },
  "Icon": "Icons/ModelsGenerated/Buster_T3Projectile.png"
}
