{
  "Model": "Items/Projectiles/Buster_T1.blockymodel",
  "Texture": "Items/Projectiles/Buster_T1.png",
  "HitBox": {
    "Max": {
      "X": 0.1,
      "Y": 0.1,
      "Z": 0.1
    },
    "Min": {
      "X": -0.1,
      "Y": -0.1,
      "Z": -0.1
    }
  },
  "MinScale": 1,
  "MaxScale": 1,
  "Icon": "Icons/ModelsGenerated/Buster_T1Projectile.png",
  "IconProperties": {
    "Scale": 1.1,
    "Rotation": [
      0,
      -45,
      0
    ],
    "Translation": [
      2,
      -4
    ]
  },
  "Light": {
    "Color": "#ec5",
    "Radius": 1
  }
}
