{
  "Categories": [
    "Items.Weapons"
  ],
  "IconProperties": {
    "Scale": 0.67,
    "Rotation": [
      315,
      90,
      0
    ],
    "Translation": [
      0.69,
      -10.11
    ]
  },
  "Quality": "Rare",
  "Tags": {
    "Type": [
      "Weapon"
    ]
  },
  "Model": "Items/Weapons/Buster/Buster_Template.blockymodel",
  "Texture": "Items/Weapons/Buster/Buster_Temp.png",
  "Icon": "Icons/ItemsGenerated/Buster_Template.png",
  "PlayerAnimationsId": "Buster",
  "FiringMechanism": {
    "FromBone": "projectile_origin"
  },
  "Interactions": {
    "Primary": "Buster_Primary",
    "Secondary": "Special_Equip_Ice"
  },
  "UsePlayerAnimations": true,
  "Weapon": {},
  "Recipe": {
    "TimeSeconds": 4,
    "Input": [
      {
        "ItemId": "Ingredient_Bar_Cobalt",
        "Quantity": 10
      },
      {
        "ItemId": "Ingredient_Leather_Heavy",
        "Quantity": 2
      }
    ],
    "BenchRequirement": [
      {
        "Id": "Workbench",
        "Type": "Crafting",
        "Categories": [
          "Workbench_Tools"
        ],
        "RequiredTierLevel": 2
      }
    ]
  }
}
