{
  "Model": "Buster_T2Projectile",
  "LaunchForce": 25,
  "Physics": {
    "Type": "Standard",
    "TerminalVelocityAir": 55,
    "TerminalVelocityWater": 15,
    "RotationMode": "VelocityDamped"
  },
  "Interactions": {
    "ProjectileSpawn": {
      "Interactions": [
        {
          "Type": "Simple",
          "RunTime": 1.5,
          "Next": {
            "Type": "RemoveEntity"
          },
          "Effects": {
            "WorldSoundEventId": "SFX_Buster_ChargeShotT1",
            "StartDelay": 0.2,
            "LocalSoundEventId": "SFX_Buster_ChargeShotT1"
          },
          "HorizontalSpeedMultiplier": 2
        }
      ]
    },
    "ProjectileHit": {
      "Interactions": [
        {
          "Type": "Interrupt",
          "Next": {
            "Type": "DamageEntity",
            "Parent": "Buster_T2_Damage",
            "DamageCalculator": {
              "SequentialModifierMinimum": 1,
              "RandomPercentageModifier": 0.2
            },
            "Next": {
              "Type": "RemoveEntity"
            },
            "Failed": {
              "Type": "RemoveEntity"
            },
            "Blocked": {
              "Type": "RemoveEntity"
            }
          },
          "InterruptTypes": [
            "ProjectileHit"
          ]
        }
      ],
      "Tags": {
        "InterruptSpawn": []
      }
    },
    "ProjectileMiss": {
      "Interactions": [
        {
          "Type": "Interrupt",
          "InterruptTypes": [
            "ProjectileSpawn"
          ],
          "Next": {
            "Type": "RemoveEntity"
          }
        }
      ]
    }
  },
  "SpawnOffset": {
    "X": 0.15,
    "Y": -0.13,
    "Z": -0.5
  },
  "SpawnRotationOffset": {
    "Yaw": 0.5,
    "Pitch": 0.5,
    "Roll": 0.5
  }
}
