{
  "Type": "FirstClick",
  "Next": {
    "Click": "Buster_Primary"
  },
  "CancelOnItemChange": true,
  "Click": {
    "Type": "StatsCondition",
    "Costs": {
      "Stamina": 1
    },
    "Lenient": true,
    "Failed": "Buster_Fail",
    "RunTime": 0.1,
    "Next": "T1_FireConditional"
  },
  "Held": {
    "Type": "Charging",
    "Effects": {
      "ClearSoundEventOnFinish": true,
      "WorldSoundEventId": "SFX_Buster_Charge",
      "LocalSoundEventId": "SFX_Buster_Charge"
    },
    "Failed": "Buster_Fail",
    "Next": {
      ".5": {
        "Type": "ClearEntityEffect",
        "EntityEffectId": "Charging",
        "Next": "Buster_FireT2",
        "Tags": {
          "Charging": []
        },
        "Entity": "User"
      },
      "2": {
        "Type": "ClearEntityEffect",
        "EntityEffectId": "Charging",
        "Next": "Buster_FireT3",
        "Tags": {
          "Charging": []
        },
        "Effects": {},
        "Entity": "User"
      }
    },
    "AllowIndefiniteHold": true,
    "CancelOnItemChange": true,
    "RunTime": 5
  }
}