{
  "Type": "Charging",
  "Next": {
    ".5": {
      "Type": "ClearEntityEffect",
      "EntityEffectId": "Charging",
      "Next": "Buster_FireT2",
      "Effects": {},
      "Tags": {
        "Charging": []
      }
    },
    "2": {
      "Type": "ClearEntityEffect",
      "EntityEffectId": "Charging",
      "Next": "Buster_FireT3",
      "Effects": {
        "WorldSoundEventId": "SFX_Buster_ChargeLoop",
        "LocalSoundEventId": "SFX_Buster_ChargeLoop",
        "ClearSoundEventOnFinish": true
      },
      "Tags": {
        "Charging": []
      }
    }
  },
  "AllowIndefiniteHold": true,
  "Tags": {
    "ChargeDelayOnDamage": []
  },
  "CancelOnItemChange": true,
  "Failed": {
    "Type": "SendMessage",
    "Message": "Buster_Charge Interaction Failed"
  },
  "Effects": {
    "WorldSoundEventId": "SFX_Buster_Charge",
    "LocalSoundEventId": "SFX_Buster_Charge",
    "ClearSoundEventOnFinish": true,
    "Particles": [
      {
        "SystemId": "TrialCharge",
        "Color": "#88f8f8"
      }
    ]
  }
}
