{
  "Type": "FirstClick",
  "Next": {
    "Click": "Buster_Primary"
  },
  "CancelOnItemChange": true,
  "Click": {
    "Type": "StatsCondition",
    "Costs": {
      "Stamina": 1
    },
    "Lenient": true,
    "Failed": "Buster_Fail",
    "RunTime": 0.1,
    "Next": {
      "Type": "EffectCondition",
      "EntityEffectIds": [
        "Special_Ice"
      ],
      "Next": {
        "Type": "Projectile",
        "Config": "Buster_Special_Ice_T1",
        "Next": {
          "Type": "SendMessage",
          "Message": "Buster_Primary Launch Ice Success",
          "Next": "Buster_ApplyCost_T1"
        },
        "Failed": {
          "Type": "SendMessage",
          "Message": "Buster_Primary Launch Ice Failed"
        },
        "Effects": {
          "ItemPlayerAnimationsId": "Buster",
          "ItemAnimationId": "Shoot",
          "ClearSoundEventOnFinish": true
        }
      },
      "Failed": "Buster_FireT1"
    }
  },
  "Held": {
    "Type": "Serial",
    "Interactions": [
      "Charge_Effect",
      "Buster_Charge"
    ]
  }
}
