{
  "Type": "Parallel",
  "Next": {
    "Type": "EffectCondition"
  },
  "Interactions": [
    {
      "Interactions": [
        {
          "Type": "EffectCondition",
          "EntityEffectIds": [
            "Special_Ice"
          ],
          "Tags": {
            "Physical": []
          },
          "Match": "None",
          "Next": "Buster_FireT1",
          "Failed": {
            "Type": "SendMessage",
            "Message": "T1_FireConditional Interaction 0 (Physical) Failed"
          }
        }
      ]
    },
    {
      "Type": "EffectCondition",
      "EntityEffectIds": [
        "Special_Ice"
      ],
      "Tags": {
        "Ice": []
      },
      "Match": "None",
      "Next": "Buster_FireT1",
      "Interactions": [
        {
          "Type": "EffectCondition",
          "EntityEffectIds": [
            "Special_Ice"
          ],
          "Tags": {
            "Physical": []
          },
          "Match": "All",
          "Next": {
            "Type": "Projectile",
            "Config": "Buster_Special_Ice_T1",
            "Failed": {
              "Type": "SendMessage",
              "Message": "T1_FireConditional Interaction 1 (Ice) Failed"
            }
          }
        }
      ]
    }
  ]
}
